"","ID","Poblacion","Region"
"1","J01","Jicaro","Bahia_Culebra"
"2","J02","Jicaro","Bahia_Culebra"
"3","J03","Jicaro","Bahia_Culebra"
"4","J04","Jicaro","Bahia_Culebra"
"5","J05","Jicaro","Bahia_Culebra"
"6","J06","Jicaro","Bahia_Culebra"
"7","J07","Jicaro","Bahia_Culebra"
"8","J08","Jicaro","Bahia_Culebra"
"9","J09","Jicaro","Bahia_Culebra"
"10","J10","Jicaro","Bahia_Culebra"
"11","J11","Jicaro","Bahia_Culebra"
"12","J12","Jicaro","Bahia_Culebra"
"13","J13","Jicaro","Bahia_Culebra"
"14","J14","Jicaro","Bahia_Culebra"
"15","J15","Jicaro","Bahia_Culebra"
"16","J16","Jicaro","Bahia_Culebra"
"17","J17","Jicaro","Bahia_Culebra"
"18","J18","Jicaro","Bahia_Culebra"
"19","J19","Jicaro","Bahia_Culebra"
"20","J20","Jicaro","Bahia_Culebra"
"21","J21","Jicaro","Bahia_Culebra"
"22","J22","Jicaro","Bahia_Culebra"
"23","J23","Jicaro","Bahia_Culebra"
"24","J24","Jicaro","Bahia_Culebra"
"25","J25","Jicaro","Bahia_Culebra"
"26","J26","Jicaro","Bahia_Culebra"
"27","J27","Jicaro","Bahia_Culebra"
"28","J28","Jicaro","Bahia_Culebra"
"29","J29","Jicaro","Bahia_Culebra"
"30","J30","Jicaro","Bahia_Culebra"
"31","M01","Matapalo","Bahia_Culebra"
"32","M02","Matapalo","Bahia_Culebra"
"33","M03","Matapalo","Bahia_Culebra"
"34","M04","Matapalo","Bahia_Culebra"
"35","M05","Matapalo","Bahia_Culebra"
"36","M06","Matapalo","Bahia_Culebra"
"37","M07","Matapalo","Bahia_Culebra"
"38","M08","Matapalo","Bahia_Culebra"
"39","M09","Matapalo","Bahia_Culebra"
"40","M10","Matapalo","Bahia_Culebra"
"41","M11","Matapalo","Bahia_Culebra"
"42","M12","Matapalo","Bahia_Culebra"
"43","M13","Matapalo","Bahia_Culebra"
"44","M14","Matapalo","Bahia_Culebra"
"45","M15","Matapalo","Bahia_Culebra"
"46","M16","Matapalo","Bahia_Culebra"
"47","M17","Matapalo","Bahia_Culebra"
"48","M18","Matapalo","Bahia_Culebra"
"49","M19","Matapalo","Bahia_Culebra"
"50","M20","Matapalo","Bahia_Culebra"
"51","M21","Matapalo","Bahia_Culebra"
"52","M22","Matapalo","Bahia_Culebra"
"53","M23","Matapalo","Bahia_Culebra"
"54","M24","Matapalo","Bahia_Culebra"
"55","M25","Matapalo","Bahia_Culebra"
"56","M26","Matapalo","Bahia_Culebra"
"57","M27","Matapalo","Bahia_Culebra"
"58","M28","Matapalo","Bahia_Culebra"
"59","M29","Matapalo","Bahia_Culebra"
"60","M30","Matapalo","Bahia_Culebra"
"61","Z01","Zapotillal","Bahia_Culebra"
"62","Z02","Zapotillal","Bahia_Culebra"
"63","Z03","Zapotillal","Bahia_Culebra"
"64","Z04","Zapotillal","Bahia_Culebra"
"65","Z05","Zapotillal","Bahia_Culebra"
"66","Z06","Zapotillal","Bahia_Culebra"
"67","Z07","Zapotillal","Bahia_Culebra"
"68","Z08","Zapotillal","Bahia_Culebra"
"69","Z09","Zapotillal","Bahia_Culebra"
"70","Z10","Zapotillal","Bahia_Culebra"
"71","Z11","Zapotillal","Bahia_Culebra"
"72","Z12","Zapotillal","Bahia_Culebra"
"73","Z13","Zapotillal","Bahia_Culebra"
"74","Z14","Zapotillal","Bahia_Culebra"
"75","Z15","Zapotillal","Bahia_Culebra"
"76","Z16","Zapotillal","Bahia_Culebra"
"77","Z17","Zapotillal","Bahia_Culebra"
"78","Z18","Zapotillal","Bahia_Culebra"
"79","Z19","Zapotillal","Bahia_Culebra"
"80","Z20","Zapotillal","Bahia_Culebra"
"81","Z21","Zapotillal","Bahia_Culebra"
"82","Z22","Zapotillal","Bahia_Culebra"
"83","Z23","Zapotillal","Bahia_Culebra"
"84","Z24","Zapotillal","Bahia_Culebra"
"85","Z25","Zapotillal","Bahia_Culebra"
"86","Z26","Zapotillal","Bahia_Culebra"
"87","Z27","Zapotillal","Bahia_Culebra"
"88","Z28","Zapotillal","Bahia_Culebra"
"89","Z29","Zapotillal","Bahia_Culebra"
"90","Z30","Zapotillal","Bahia_Culebra"
